-0.034997, 0.034997, -0.034997, 0.069993, -0.034997, 0.10499, 0.0, 0.0, 0.0, 0.0, -0.034997, 0.10499, 0.0, 0.034997, 0.0, 0.0, 0.0, 0.0, 0.0, 0.0, 0.0, 0.0, 0.0, 0.0, 0.0, 0.0, 0.0, 0.10499, 0.139986, 0.287009, 1.022459, 0.626668, 2.240313, 0.691861, 2.698376, 0.490614, 1.387972, 0.0, -0.393072, -0.594941, -1.170875, -0.975729, -1.081054, -0.81898, -0.655653, -0.295044, -0.034997, 0.0, 0.034997, -0.034997, 1.167171, -0.032421, 1.840637, -0.295817, 3.332506, -0.424731, 5.955536, -0.292895, 5.591244, -0.032507, 1.836642, 0.270094, 0.0, 0.0, 0.0, 0.0, 0.0, 0.0, 0.0, 0.0, 0.0, 0.0, 0.0, 0.0, 0.0, 0.0, 0.0, 0.0, -0.034997, -0.10499, -0.040639, 0.081279, 0.686534, 0.032692, 0.260115, -0.097543, 0.069993, -0.034997, 0.0, 0.0, -0.10499, 0.069993, -0.423031, 0.325408, -0.680495, 0.408297, -0.243492, 0.20291, -0.034997, 0.034997, 0.0, 0.0, 0.0, 0.0, 0.0, 0.0, 0.0, 0.0, 0.0, 0.0, 0.0, 0.0, 0.0, 0.0, 0.0, 0.0, 0.0, 0.0, 0.0, 0.0, 0.0, 0.0, 0.0, 0.0, 0.0, 0.0, 0.0, 0.0, 0.0, 0.0, 0.0, 0.0, 0.0, 0.0, 0.0, 0.0, 0.0, 0.0, 0.0, 0.0, 0.0, 0.0, 0.0, 0.0, 0.0, 0.0, 0.0, 0.0, 0.0, 0.0, 0.0, 0.0, 0.0, 0.0, 0.0, 0.0, -0.174983, 0.139986, -0.166524, 0.099914, -0.265654, 0.033207, -0.099333, 0.0, -0.034997, 0.0, -0.197497, 0.0, -0.229748, 0.0, -0.14728, -0.034997, -0.034997, 0.0, 0.0, 0.0, 0.0, 0.0, 0.0, 0.0, 0.0, 0.0, 0.0, 0.0, 0.0, 0.0, 0.0, 0.0, 0.0, 0.0, 0.0, 0.0, 0.0, 0.0, -0.034997, 0.0, 0.0, 0.0, 0.0, 0.0, 99
0.0, 0.0, 0.0, 0.0, 0.0, 0.0, 0.0, 0.0, 0.0, 0.0, 0.0, 0.0, 0.0, 0.0, 0.0, 0.0, 0.0, 0.0, 0.0, 0.0, 0.0, 0.0, 0.0, 0.0, 0.0, 0.0, 0.0, 0.0, 0.0, 0.0, 0.0, 0.0, 0.0, 0.0, 0.0, 0.0, 0.0, 0.0, 0.0, 0.0, 0.0, 0.0, 0.0, 0.0, 0.0, 0.0, 0.0, 0.0, 0.0, 0.0, 0.0, 0.0, 0.0, 0.0, 0.0, 0.0, 0.0, 0.0, 0.0, 0.0, 0.0, 0.0, 0.0, 0.0, 0.0, 0.0, 0.0, 0.0, 0.0, 0.0, 0.0, 0.0, 0.0, 0.0, 0.0, 0.0, 0.0, 0.0, 0.0, 0.0, 0.0, 0.0, 0.0, 0.0, 0.0, 0.0, 0.0, 0.0, 0.0, 0.0, 0.0, 0.0, 0.0, 0.0, 0.0, 0.0, 0.0, 0.0, 0.0, 0.0, 0.0, 0.0, 0.0, 0.0, 0.0, 0.0, 0.0, 0.0, 0.0, -0.069993, 0.034997, -0.034997, 0.120421, -0.080281, 0.160141, -0.080071, 0.359404, -0.039934, 0.638886, -0.079861, 0.556369, -0.039741, 0.502106, -0.105707, 0.31629, -0.118609, 0.473219, -0.10516, 1.022671, -0.039333, 1.59553, 0.0, 1.604452, 0.0, 1.483228, 0.0, 0.830623, -0.139986, 0.349756, -0.077724, 0.034997, -0.034997, -0.069993, 0.0, -0.359642, -0.10499, -0.422782, -0.115304, -0.255576, -0.10223, -0.458857, -0.152952, -0.724655, -0.114419, -1.039983, -0.202923, -0.986697, -0.227699, -0.279972, -0.034997, 1.761996, 0.327228, 3.916749, 0.527255, 5.735607, 0.225417, 7.007118, 0.0, 6.390909, 0.0, 4.374353, 0.0, 1.710771, 0.10499, 0.10499, 0.0, -0.139986, 0.034997, 0.0, 0.0, 0.0, 0.0, 0.0, 0.0, 0.0, 0.0, 0.0, 0.0, 0.0, 0.0, 0.0, 0.0, 0.0, 0.0, -0.034997, 0.034997, 0.108143, 0.072095, 1.150744, 0.0, 99
2.869849, 0.0, 4.603807, 0.0, 5.068444, -0.209979, 4.80646, -0.356034, 3.941756, -0.248579, 2.69242, 0.023618, 1.413889, 0.282778, 0.282203, 0.176377, -0.211365, 0.0, -0.10499, 0.0, 0.0, 0.0, 0.0, 0.0, 0.0, 0.0, -1.119888, 0.664934, 7.058105, 0.522823, 10.463545, 0.06479, 7.362965, 0.0, 1.581776, -0.10499, -0.279972, -0.139986, 0.0, 0.0, 0.0, 0.0, -0.559944, 0.10499, 4.726322, 0.260763, 10.314353, 0.227762, 5.660748, 0.0, -1.211833, -0.034997, -0.769923, -0.034997, 0.163653, -0.392766, 0.0, -0.261868, -0.034997, -0.034997, -0.203436, -0.244124, -0.30094, -0.383015, -0.26069, -0.293277, -1.105771, -0.260181, -0.69343, -0.04079, -0.314968, 0.0, -2.059123, -0.139986, -2.849562, -0.814161, -0.855438, -0.164507, -0.069993, 0.034997, 0.325224, 0.422791, 0.162161, 0.324321, 0.034997, 0.034997, -0.174983, 0.0, -0.163257, -0.174983, 0.0, -0.490596, 0.209979, -0.390444, 0.069993, -0.034997, 0.0, 0.0, 0.069993, 0.0, 0.0, 0.0, 0.0, 0.0, 0.034997, 0.0, 0.0, 0.0, 0.0, 0.0, 0.0, 0.0, 0.034997, 0.0, 0.349965, 0.174983, 0.814869, 0.318862, 0.0, 0.0, 0.0, 0.0, 0.0, 0.0, -0.10499, 0.0, 0.629937, 0.0, 6.337563, 0.139986, 7.208872, 0.198409, 5.332852, 0.0, 1.945426, 0.069993, 0.069993, -0.139986, 0.0, 0.0, 0.0, 0.0, 0.0, 0.0, 2.344766, 0.10499, 9.264475, 0.516486, 4.676051, -0.91559, 0.130632, -0.359237, 2.042943, -0.064855, 3.875499, 0.618777, 1.053703, -0.202635, 0.0, 0.0, 0.0, 0.0, -2.274773, -0.034997, 4.344748, 0.30549, 5.853175, 0.573249, 6.305092, 0.270218, 4.58524, 0.059938, 2.032934, 0.0, -0.298258, 0.034997, -1.278971, -0.148718, 0.0, 0.0, 0.0, 0.0, 0.0, 0.0, 0.0, 0.0, 0.0, 0.0, 0.0, 0.0, 0.0, 0.0, 1.049895, 0.384962, 2.927446, 0.289846, 4.292066, 0.303479, 5.736292, 0.115302, 99
5.595373, 0.0, 4.07081, 0.0, 2.615565, 0.0, 0.712755, -0.314968, -0.128235, -0.042745, 0.0, 0.0, 0.0, 0.0, 0.0, 0.0, 0.0, 0.0, 0.0, 0.0, 0.0, 0.034997, 0.209979, 0.334918, 1.252873, 0.222733, 3.249669, 0.472174, 4.156085, 0.374048, 4.007449, 0.027638, 3.762607, 0.0, 2.777119, 0.10499, 2.167055, 0.521191, 1.395482, 0.533567, 0.109165, 0.245621, -1.306732, -0.204177, -0.10499, -0.139986, 0.0, 0.0, 0.0, 0.0, 0.0, 0.0, 0.0, 0.0, -1.50485, 0.209979, -0.080203, -0.040101, 1.466908, 0.106684, 2.993113, 0.279357, 3.742329, 0.053083, 4.725386, 0.0, 4.383588, -0.069993, 3.279338, -0.395101, 1.97081, -0.289052, 0.825706, -0.039319, -0.052295, -0.052295, -1.252067, -0.391271, -0.174983, 0.0, 0.0, 0.0, 0.0, 0.0, 0.0, 0.0, 0.0, 0.0, 0.0, 0.0, 0.0, 0.0, 0.10499, -0.069993, 0.344099, 0.191166, 2.847635, 0.533931, 4.374824, 0.152168, 4.782038, 0.0, 4.543065, 0.0, 3.474392, 0.0, 2.297955, 0.034997, 0.778876, -0.025125, 0.0, 0.0, 0.0, 0.0, 0.0, 0.0, 0.0, 0.0, 0.0, 0.0, 0.489951, 0.209979, 6.068849, 0.428777, 7.969047, 0.098383, 3.114371, -0.360611, 0.689805, 0.131391, 3.321038, 0.525831, 6.387537, 0.228126, 6.528981, 0.032809, 1.559522, -0.422371, 0.0, 0.0, 0.0, 0.0, 0.0, 0.0, 0.034997, 0.0, 0.10499, 0.034997, 0.950313, 0.032769, 0.244976, -0.034997, 0.0, 0.0, -0.034997, -0.034997, 0.0, 0.0, 0.0, 0.0, 0.0, 0.0, -0.909909, 0.0, -1.413204, -0.034997, -0.329078, -0.032908, -0.739102, -0.027374, -0.852597, 0.032792, -0.230713, 0.164795, 0.0, 0.034997, -0.034997, 0.034997, 0.0, 0.0, 0.0, 0.0, 0.0, 0.0, 0.0, 0.0, 0.0, 0.0, 0.0, 0.0, 0.034997, 0.0, 0.0, 0.0, 0.069993, -0.034997, 0.0, 0.0, 0.0, 0.0, 99
-0.314968, 0.034997, -1.41796, 0.055606, -1.706188, 0.0, -1.826465, 0.0, -1.738862, -0.034997, -1.156232, -0.165176, -0.713977, 0.0, -0.069993, 0.0, 0.0, 0.0, 0.0, 0.0, 0.0, 0.0, 0.0, 0.0, 0.0, 0.0, 0.0, 0.0, 0.0, 0.0, 0.0, 0.0, 0.0, 0.0, 0.0, 0.0, 0.0, 0.0, -0.244976, 0.0, -0.754319, -0.069993, -1.108893, -0.105609, -1.303638, -0.079008, -1.392364, -0.131355, -1.100775, -0.11794, -0.70595, -0.130732, -0.391166, -0.039117, -0.078057, 0.0, -0.155736, 0.0, -0.077692, 0.0, -0.077484, 0.0, -0.034997, 0.0, 0.0, 0.0, 0.0, 0.0, 0.0, 0.0, 0.0, 0.0, 0.0, 0.0, 0.0, 0.0, 0.0, 0.0, -0.139986, 0.0, -0.302054, 0.0, -0.338946, 0.0, -0.901713, 0.0, -1.011917, 0.0, -0.785157, 0.0, -0.348048, 0.0, -0.069993, 0.0, -0.074207, 0.0, -0.197369, 0.034997, -0.406019, 0.0, -0.846761, 0.0, -1.68931, 0.0, -2.673751, 0.0, -2.850095, -0.349965, -1.45853, -0.218779, -0.034997, 0.0, 0.0, 0.0, 0.0, 0.0, 0.0, 0.0, 0.0, 0.0, 0.0, 0.0, 0.0, 0.0, 0.0, 0.0, 0.0, 0.0, 0.0, 0.0, 0.0, 0.0, 0.0, 0.0, 0.0, 0.0, 0.0, 0.0, 0.0, 0.0, -0.944906, 0.279972, -0.905194, -0.264015, -2.267072, -0.320057, -2.231687, -0.121728, -1.667015, 0.0, -1.673644, 0.0, -1.77658, 0.0, -2.118638, 0.0, -1.876868, 0.0, -1.353527, 0.0, -1.134394, -0.069993, -0.928871, -0.079617, -0.91406, 0.0, -1.439443, 0.0, -1.891197, 0.0, -1.287012, 0.10499, -1.289485, 0.124789, -1.547852, 0.02764, -1.608351, 0.0, -1.784378, 0.0, -1.469929, 0.0, -1.221865, 0.0, -1.205168, 0.034997, -1.465558, 0.106586, -1.743471, 0.0, -1.853925, -0.139986, -1.484237, -0.200573, -0.139986, 0.069993, 0.0, 0.0, 0.0, 0.0, 99
0.0, 0.0, 0.0, 0.0, 0.0, 0.0, 0.0, 0.0, 0.0, 0.0, 0.0, 0.0, 0.0, 0.0, -0.139986, 0.034997, -0.186967, -0.053419, -0.10499, 0.069993, -0.02708, 0.10832, 0.242497, 0.242497, 0.347156, 0.18693, 0.160706, 0.160706, 0.0, 0.082061, 0.0, 0.160305, -0.524948, 0.352833, -1.652723, 0.302999, -2.305658, 0.238516, -2.482788, 0.265152, -2.812408, 0.0, -2.985662, 0.0, -2.692628, -0.349965, -2.241388, -0.297051, -2.191555, -0.324675, -2.214168, -0.540041, -2.232437, -0.358785, -2.46761, -0.398002, -2.473756, -0.478792, -1.383992, -0.355884, 0.0, 0.0, 0.0, 0.0, 0.0, 0.0, 0.0, 0.0, 0.0, 0.0, 0.0, 0.0, 0.0, 0.0, 0.0, 0.0, 0.0, 0.0, 0.0, 0.0, 0.0, 0.0, -0.69993, -0.244976, -1.232093, -0.18119, -1.159465, 0.0, 0.036226, 0.0, 0.579442, 0.139986, 2.003478, 0.096553, 3.294186, 0.0, 4.415456, 0.034997, 5.070258, 0.0, 5.160287, 0.0, 4.737112, -0.314968, 3.579057, -0.578433, 2.217084, -0.361481, 1.01591, -0.225758, 0.438291, -0.039845, 0.212039, -0.026505, 0.278786, 0.079653, 0.768511, 0.185503, 1.336059, 0.187048, 1.797495, 0.27961, 2.298948, 0.277459, 2.645286, 0.343887, 2.417696, 0.107453, 1.633667, 0.0, 0.885661, 0.0, 0.322109, 0.0, 0.160475, 0.034997, 0.405359, 0.162144, 0.373063, 0.133237, 0.438903, 0.119701, 0.428369, 0.080319, 0.722501, 0.120417, 1.332784, 0.159934, 1.586897, 0.238035, 1.261588, 0.0, 0.682447, 0.0, -0.107405, -0.594941, 0.0, 0.0, 0.0, 0.0, 0.0, 0.0, 0.0, 0.0, 0.0, 0.0, 0.0, 0.0, 0.0, 0.0, 0.0, 0.0, 0.0, 0.0, 0.0, 0.0, 0.0, 0.0, 0.0, 0.0, 0.0, 0.0, 0.0, 0.0, -0.314968, 0.209979, -0.18549, 0.052997, -0.204187, -0.122512, -0.296017, -0.161464, -0.161962, -0.121472, 0.0, -0.034997, 0.034997, -0.120178, 0.04099, -0.122971, 99
0.0, -0.161292, -0.069993, -0.13593, 0.0, -0.034997, -0.139986, -0.121317, -1.126246, -0.160892, -2.351825, -0.316592, -1.543846, -0.10834, -0.980528, 0.11206, -0.610912, 0.152728, -0.4304, 0.234764, -0.495497, 0.412914, -0.344752, 0.344752, -0.286921, 0.487765, 0.027129, 0.379803, 0.285609, 0.285609, 0.636341, 0.106057, 0.898906, 0.028091, 1.248082, 0.040261, 1.440231, 0.160026, 1.453121, 0.041518, 0.86198, -0.026937, 0.069993, -0.034997, 0.034997, -0.034997, 0.0, 0.0, 0.0, 0.0, 0.034997, -0.034997, 0.0, 0.0, 0.0, 0.0, 0.0, 0.0, 0.0, 0.0, 0.0, 0.0, 0.0, 0.0, 0.0, 0.0, 0.0, 0.0, 0.0, 0.0, 0.0, 0.0, 0.0, 0.0, 0.0, 0.0, 0.0, 0.0, 0.0, 0.0, 0.0, 0.0, 0.0, 0.0, 0.0, 0.0, 0.0, 0.0, 0.0, 0.0, 0.034997, -0.034997, 0.343529, -0.158552, 0.517537, -0.119432, 0.121488, -0.040496, 0.0, 0.0, 0.0, 0.0, 0.0, 0.0, 0.0, 0.0, 0.0, 0.0, 0.0, 0.0, 0.0, 0.0, 0.034997, 0.034997, 0.0, 0.0, 0.0, 0.0, 0.0, 0.0, 0.0, 0.0, 0.034997, 0.034997, -0.034997, 0.0, -0.034997, 0.034997, -0.034997, 0.0, -0.080323, 0.034997, 0.0, 0.0, 0.0, 0.0, 0.0, 0.0, -0.034997, -0.034997, 0.18823, -0.29579, 0.479791, -0.519774, 2.246731, -0.56845, 2.817638, -0.603779, 2.383339, -0.785419, 1.936578, -0.847253, 0.745643, -0.505972, 0.120501, -0.160668, 0.0, 0.0, 0.0, 0.0, 0.0, 0.0, 0.034997, -0.034997, 0.034997, -0.034997, 0.0, 0.0, 0.0, 0.0, 0.069993, 0.069993, 0.082686, 0.248058, 0.109053, 0.299895, 0.0, 0.282978, -0.034997, 0.324697, -0.107448, 0.161173, 0.0, 0.034997, 0.0, 0.0, 0.0, 0.0, 0.0, 0.0, 0.0, 0.0, 0.139986, 0.034997, 0.225806, -0.150537, 0.233674, -0.155783, 0.080524, -0.161049, 99
0.0, -0.216708, 0.0, -0.196212, 0.174983, -0.213067, 0.185491, -0.21199, 0.201183, -0.12071, 0.081872, -0.081872, 0.069993, -0.034997, 0.079934, -0.079934, 0.081125, -0.081125, 0.0, 0.0, 0.0, 0.0, 0.0, 0.0, 0.0, 0.0, 0.069993, 0.0, 0.034997, 0.0, 0.080815, -0.034997, 0.034997, -0.034997, 0.088411, -0.044205, 0.034997, -0.034997, 0.0, 0.0, 0.0, 0.0, 0.0, 0.0, 0.0, 0.0, 0.0, 0.0, 0.0, 0.0, 0.0, 0.0, 0.0, 0.0, 0.0, 0.0, 0.0, 0.0, 0.0, 0.0, 0.0, 0.0, -0.034997, 0.034997, -0.034997, 0.034997, 0.0, 0.0, 0.0, 0.0, -0.10499, 0.034997, -0.121127, 0.040376, -0.080605, 0.026868, -0.034997, 0.034997, -0.034997, 0.034997, -0.133592, 0.133592, -0.080581, 0.120871, -0.133362, 0.186707, -0.081989, 0.163979, -0.026247, 0.157483, 0.0, 0.079754, 0.0, 0.0, 0.0, 0.0, 0.0, 0.0, 0.0, 0.0, 0.0, 0.0, 0.0, 0.0, 0.0, 0.0, 0.0, 0.0, 0.139986, -0.069993, 0.08075, -0.026917, 0.034997, 0.0, 0.034997, -0.034997, 0.0, 0.0, 0.034997, -0.034997, 0.0, 0.0, 0.0, 0.0, 0.034997, 0.0, 0.0, 0.0, 0.0, 0.0, 0.0, 0.0, 0.0, 0.0, 0.0, 0.0, 0.0, 0.0, 0.0, 0.0, 0.0, 0.0, 0.0, 0.0, 0.0, 0.0, 0.0, 0.0, 0.0, 0.0, 0.0, 0.0, 0.0, 0.0, 0.0, 0.0, 0.0, 0.0, 0.0, 0.0, 0.0, 0.0, 0.0, 0.0, 0.0, 0.0, 0.0, 0.0, 0.0, 0.0, 0.0, 0.0, 0.0, 0.0, 0.0, 0.0, 0.0, 0.0, 0.0, 0.0, 0.0, 0.0, 0.0, 0.0, 0.0, 0.0, 0.0, 0.0, 0.034997, -0.034997, 0.078234, -0.078234, 0.034997, -0.034997, 0.0, 0.0, 0.0, 0.0, 0.0, 0.0, 99
0.0, 0.0, 0.0, 0.0, -0.034997, 0.10499, 0.0, 0.162911, -0.034997, 0.106388, 0.0, 0.119141, -0.034997, 0.119644, 0.0, 0.0, 0.0, 0.034997, 0.0, 0.034997, 0.0, 0.0, 0.0, 0.0, 0.0, 0.034997, 0.0, 0.076675, 0.0, 0.034997, 0.034997, 0.076669, 0.034997, 0.034997, 0.0813, 0.04065, 0.069993, 0.034997, 0.069993, 0.034997, 0.0, 0.0, 0.10499, 0.034997, 0.079666, 0.039833, 0.080793, 0.040397, 0.034997, 0.0, 0.158689, 0.0, 0.349625, 0.0, 1.250568, 0.174983, 1.723963, 0.24628, 1.497594, 0.191999, 1.213035, 0.055138, 0.797309, 0.0, 0.459512, 0.0, 0.365421, 0.0, 0.153728, 0.0, 0.034997, 0.0, 0.0, 0.0, 0.0, 0.0, 0.0, 0.0, -0.10499, 0.034997, -0.115352, 0.076902, -0.16108, 0.053693, -0.394293, 0.065716, -0.776894, 0.064741, -1.001433, -0.161521, -0.616571, -0.162256, -0.937857, -0.549779, -4.23475, -1.726475, -3.745725, -1.530862, -1.749414, -1.421399, 0.09789, -0.456821, 0.131613, -0.427741, 0.065545, -0.917636, -0.854778, -1.578051, -2.27793, -0.933128, -1.976429, -0.26799, -0.423402, -0.097708, -0.246873, -0.658328, -0.263825, -0.659562, -0.123121, -0.287283, -0.218316, -0.245606, -1.115147, -1.04955, -2.128479, -3.045363, -0.647758, -0.890668, 0.202702, -0.121621, 0.20038, -0.040076, 0.069993, 0.034997, 0.324033, 0.526553, 0.692683, 0.933616, 0.725397, 0.906746, 0.640464, 0.975945, 0.68326, 1.100807, 0.424773, 0.970909, 0.119869, 0.449508, 0.225532, 0.54772, 0.064698, 0.646984, 0.0, 0.449163, 0.0, 0.353882, -0.069993, 0.737022, -0.107431, 1.128026, 0.25814, 1.387502, 0.612557, 1.225113, 1.062319, 1.223277, 1.670922, 0.987363, 1.407626, 0.581411, 0.668572, 0.364676, 0.42956, 0.245463, 0.034997, 0.034997, 0.0, 0.069993, 0.0, 0.152677, -0.139986, 0.21411, -0.214869, 0.184174, -0.520259, 0.367242, -0.582862, 0.306769, -0.717832, 0.302245, -0.582601, 0.306632, -0.389973, 0.227484, -0.228864, 0.130779, -0.10499, 0.069993, -0.243242, 0.121621, 99
-0.324042, 0.194425, -0.228387, 0.09788, -0.242735, 0.121368, 0.0, 0.0, -0.034997, 0.0, -0.10499, 0.034997, -0.547933, 0.182644, -0.461031, 0.092206, -0.457844, 0.0, -0.462067, 0.0, -0.816278, -0.209979, -1.136643, -0.194853, -1.301324, -0.162666, -1.272765, -0.13054, -1.238052, -0.03258, -0.484068, -0.032271, -0.29277, 0.06506, -0.253419, 0.063355, -0.253022, 0.031628, -0.141973, 0.0, 0.0, 0.0, -0.034997, 0.0, 0.0, 0.0, -0.034997, 0.0, 0.0, 0.0, 0.0, 0.0, 0.0, 0.0, 0.0, 0.0, 0.0, 0.0, -0.10499, -0.139986, -0.245366, -0.306708, -1.785851, -0.961612, -2.252818, -0.913304, -1.852178, -0.819817, -1.544086, -0.666076, -0.785052, -0.332138, -0.180671, -0.045168, 0.0, 0.0, 0.0, 0.0, -0.174983, 0.0, -0.178695, 0.069993, -0.059405, 0.089108, -0.088871, 0.118495, 0.0, 0.0, 0.0, 0.0, 0.0, 0.0, 0.0, 0.0, 0.0, 0.0, 0.0, 0.0, 0.0, 0.0, -0.80492, 0.0, -0.924839, 0.139986, -0.907669, 0.129667, -0.718402, 0.114944, -0.401223, 0.028659, -0.171495, 0.042874, -0.128284, 0.042761, -0.127937, 0.042646, -0.034997, 0.0, -0.034997, 0.034997, 0.0, 0.0, 0.0, 0.0, 0.10499, -0.069993, 0.13987, -0.13987, 0.083697, -0.083697, 0.111316, -0.166974, 0.083281, -0.083281, 0.124587, -0.166116, 0.124284, -0.124284, 0.034997, -0.034997, 0.0, 0.0, 0.0, 0.0, 0.0, 0.0, 0.0, 0.0, 0.0, 0.0, 0.0, 0.0, 0.0, 0.0, -0.139986, 0.139986, -0.107576, 0.13447, -0.120712, 0.241424, -0.080281, 0.240842, -0.040038, 0.080076, 0.0, 0.034997, 0.0, 0.0, 0.0, 0.0, 0.034997, 0.069993, 0.184478, 0.184478, 0.315454, 0.433749, 0.288482, 0.472062, 0.196201, 0.313921, 0.078291, 0.156582, 0.0, 0.0, 0.034997, 0.034997, 0.0, 0.0, 0.0, 0.0, 0.0, 0.0, 0.0, 0.0, 0.0, 0.0, 0.0, 0.0, 0.0, 0.0, 99
0.0, 0.0, 0.0, 0.0, 0.0, 0.0, 0.0, 0.0, 0.0, 0.0, 0.0, 0.0, 0.0, 0.0, 0.0, 0.0, 0.0, 0.0, 0.0, 0.0, 0.0, 0.0, 0.0, 0.0, 0.0, 0.0, 0.10499, -0.069993, 0.1489, -0.124084, 0.185702, -0.111421, 0.069993, -0.069993, 0.073984, -0.073984, 0.034997, -0.034997, 0.110681, -0.073788, 0.036867, -0.147467, 0.0, -0.184195, 0.0, -0.221061, -0.034997, -0.245438, -0.038326, -0.114978, 0.0, -0.134682, -0.034997, -0.118416, -0.079422, -0.079422, -0.195836, 0.0, -0.118509, 0.0, -0.079782, 0.0, -0.034997, -0.034997, 0.0, -0.034997, -0.069993, -0.131763, -0.034997, -0.034997, 0.0, -0.034997, 0.0, 0.0, 0.0, 0.0, 0.0, 0.0, 0.0, 0.0, 0.0, 0.0, 0.0, 0.0, 0.0, 0.0, 0.0, 0.0, 0.0, 0.0, 0.0, 0.034997, 0.0, 0.160151, 0.034997, 0.34152, 0.040033, 0.320268, 0.02782, 0.222562, 0.0, 0.081678, 0.0, 0.0, 0.0, 0.0, 0.0, 0.0, 0.0, 0.0, 0.0, 0.0, 0.0, 0.0, 0.0, 0.0, 0.0, 0.0, 0.0, 0.0, 0.0, 0.0, 0.0, 0.0, 0.0, 0.0, 0.0, 0.0, 0.0, 0.0, 0.034997, -0.034997, 0.034997, -0.069993, 0.0, 0.0, 0.034997, -0.069993, 0.038995, -0.194975, 0.081617, -0.19044, 0.11735, -0.195584, 0.074522, -0.124204, 0.034997, -0.034997, 0.034997, -0.034997, 0.078699, -0.118048, 0.052718, -0.131795, 0.0, -0.078216, 0.034997, -0.034997, 0.0, 0.0, 0.0, 0.0, 0.0, 0.0, 0.0, 0.0, 0.0, 0.0, 0.0, 0.0, 0.0, 0.0, 0.0, 0.0, -0.069993, 0.034997, 0.0, 0.0, 0.0, 0.0, 0.0, 0.0, 0.0, 0.0, -0.034997, 0.034997, 0.0, 0.0, 0.0, 0.0, 0.0, 0.0, 0.0, 0.0, -0.069993, 0.034997, -0.119458, 0.039819, -0.069993, 0.034997, 99
-0.034997, 0.034997, 0.0, 0.0, -0.10499, 0.034997, -0.079951, 0.039975, -0.034997, 0.0, -0.034997, 0.0, 0.0, 0.0, 0.0, 0.0, 0.0, 0.0, 0.0, 0.0, 0.0, 0.0, -0.034997, -0.034997, 0.0, 0.0, 0.0, -0.069993, 0.034997, -0.160505, 0.026596, -0.186175, 0.0, -0.12119, 0.069993, -0.119185, 0.034997, -0.034997, 0.04036, -0.12108, 0.0, -0.034997, 0.0, 0.0, 0.0, 0.0, 0.0, 0.0, -0.034997, 0.034997, -0.186316, 0.186316, -0.124253, 0.124253, -0.069993, 0.034997, -0.034997, 0.034997, 0.0, 0.0, -0.069993, 0.244976, -0.079401, 0.238203, -0.119614, 0.398715, -0.123753, 0.402196, -0.041072, 0.123215, 0.0, 0.0, 0.0, 0.0, -0.034997, 0.034997, 0.0, 0.0, 0.0, 0.0, 0.0, 0.0, 0.0, 0.0, 0.0, 0.0, 0.0, 0.0, 0.0, 0.0, 0.0, 0.0, 0.0, 0.0, 0.0, 0.0, -0.034997, 0.034997, 0.0, 0.151355, 0.0, 0.119451, 0.034997, 0.034997, 0.034997, 0.069993, 0.0, 0.080851, 0.0, 0.160586, 0.0, 0.0, 0.0, 0.0, 0.0, 0.0, 0.0, 0.0, 0.0, -0.034997, 0.0, -0.090592, 0.0, -0.198933, 0.034997, -0.24412, 0.027264, -0.272637, 0.0391, -0.234603, 0.0, -0.227443, 0.0, -0.25265, 0.0, -0.227371, 0.0, -0.300109, 0.0, -0.076126, 0.0, 0.0, 0.0, 0.0, 0.0, 0.0, 0.0, 0.0, 0.0, 0.0, 0.0, 0.034997, 0.0, 0.034997, 0.0, 0.099488, 0.0, 0.074498, 0.034997, 0.099179, 0.074295, 0.185738, 0.037106, 0.148425, 0.03707, 0.111209, 0.037048, 0.111143, 0.034997, 0.034997, 0.074297, 0.111445, 0.0, 0.0, 0.034997, 0.069993, 0.0, 0.034997, 0.0, 0.079487, 0.0, 0.034997, 0.034997, 0.034997, 0.0, 0.0, 0.0, 0.0, 0.0, 0.0, 0.0, 0.0, 0.0, 0.034997, 0.0, 0.0, 0.0, 0.0, 0.0, 0.10499, 99
0.034997, 0.106384, 0.0, 0.074372, 0.0, 0.087742, 0.0, 0.088894, 0.0, 0.082854, 0.0, 0.126026, 0.0, 0.136997, 0.0, 0.08269, 0.0, 0.083442, 0.0, 0.0, 0.0, 0.0, -0.524948, 0.559944, -1.463981, 0.878388, -2.496385, 0.886873, -2.574383, 0.693103, -1.04456, 0.247396, -0.200439, 0.10022, -1.42584, 0.563704, -3.364239, 0.632877, -3.767057, 0.446466, -3.51846, 0.502637, -2.522017, 0.099553, -0.2336, 0.100114, 0.856237, -0.032932, 0.855774, 0.496901, 3.549088, 1.248753, 1.191605, 0.369808, -0.299128, 0.132946, 0.0, 0.0, 0.0, 0.0, 0.734927, 0.524948, 2.13257, 0.499821, 2.64146, 0.528292, 2.079916, 0.721038, 0.0, 0.469832, -0.489951, 0.957841, -0.133959, 2.645681, -0.111179, 2.195788, -0.100152, 0.634295, 0.0, 0.069993, -0.034997, 0.069993, -0.56035, 0.140087, -0.768511, 0.56803, -0.302823, 0.538351, -0.195912, 0.503774, -0.167564, 0.871332, -0.125908, 0.944309, -0.339691, 0.89169, -0.678786, 1.301007, -0.480105, 0.649553, 0.069993, -0.034997, 0.0, 0.0, 0.0, 0.0, 0.0, 0.0, 0.0, 0.0, 0.0, 0.0, 0.0, 0.0, 0.0, 0.0, 0.0, 0.0, 0.0, 0.0, 0.0, 0.0, 0.10499, 0.10499, 0.205245, 0.246294, 0.327586, 0.846263, 0.408496, 1.307189, 0.244489, 0.923624, 0.16258, 1.056772, 0.10812, 0.891991, 0.08088, 0.606597, 0.080687, 0.484122, 0.080483, 0.241448, 0.0, 0.034997, 0.0, 0.034997, 0.0, 0.0, 0.0, 0.0, 0.0, 0.0, 0.0, 0.0, 0.0, 0.0, -0.034997, 0.034997, -0.034997, 0.034997, -0.117659, 0.117659, -0.208651, 0.156488, -0.15608, 0.11706, -0.103803, 0.103803, -0.155305, 0.155305, -0.051637, 0.103274, -0.077257, 0.115886, -0.102749, 0.128437, -0.038432, 0.076864, -0.076667, 0.076667, -0.076466, 0.152932, -0.076274, 0.266958, -0.17752, 0.355039, -0.341482, 0.569136, -0.264925, 0.643388, -0.226492, 0.603979, -0.112956, 0.489475, 0.0, 0.27652, 0.0, 0.412335, 0.0, 0.498752, 99
-0.10499, 0.448141, -0.111826, 0.372753, -0.074424, 0.33491, 0.0, 0.470577, 0.034997, 0.704273, 0.147929, 0.517752, 0.172317, 0.344634, 0.073756, 0.184389, 0.110543, 0.221086, 0.073661, 0.073661, 0.034997, 0.034997, 0.085445, 0.0, 0.0, 0.0, 0.069993, 0.0, 0.034997, 0.0, 0.034997, -0.034997, 0.034997, -0.034997, 0.128255, 0.0, 0.169286, -0.034997, 0.169391, 0.0, 0.258321, -0.034997, 0.258843, -0.057521, 0.215845, 0.0, 0.0, 0.0, 0.0, 0.0, 0.139986, 0.0, 0.46508, 0.0, 0.780357, 0.10499, 0.737209, 0.088465, 1.432262, 0.143226, 1.507726, 0.215389, 1.618544, 0.235425, 1.297952, 0.144217, 0.437358, 0.058314, 0.21041, 0.21041, 0.844087, 0.844087, 2.215766, 1.093495, 2.646981, 0.75628, 2.715266, 0.685962, 2.145432, 0.51599, 1.680802, 0.474072, 0.87121, 0.337243, 0.605317, 0.357687, 0.659894, 0.329947, 0.906651, 0.494537, 0.936624, 0.561975, 0.624678, 0.494537, 0.65691, 0.65691, 0.284806, 0.36618, 0.0, 0.161199, 0.0, 0.08295, -0.10499, 0.137196, -0.034997, 0.034997, -0.041805, 0.083609, -0.083449, 0.292072, -0.121791, 0.438448, 0.0, 0.468731, 0.0, 0.37267, 0.0, 0.30303, -0.069993, 0.169028, 0.0, 0.0, 0.0, 0.034997, 0.0, 0.0, 0.0, 0.0, 0.0, 0.0, 0.0, 0.0, 0.0, 0.0, 0.0, 0.0, 0.0, 0.0, 0.0, 0.0, 0.0, 0.0, 0.0, 0.0, 0.0, 0.0, 0.0, 0.0, 0.0, 0.0, 0.0, 0.0, 0.0, 0.0, 0.034997, -0.034997, 0.19726, -0.30998, 0.291951, -0.500487, 0.371888, -0.486315, 0.562078, -0.674494, 0.826385, -0.785065, 0.822761, -0.822761, 0.341951, -0.313455, 0.210045, -0.210045, 0.0, 0.0, 0.10499, -0.10499, 0.124235, -0.041412, 0.034997, -0.034997, 0.0, 0.0, 0.0, 0.0, 0.0, 0.0, 0.0, 0.0, 0.0, 0.0, 0.0, 0.0, 0.0, 0.0, 0.0, 0.0, 0.034997, 0.034997, -0.024214, 0.290564, 99
0.0, 0.167446, 0.0, 0.142767, 0.0, 0.034997, 0.069993, 0.133828, 0.0, 0.034997, 0.0, 0.0, 0.0, 0.034997, 0.0, 0.0, 0.0, 0.0, 0.0, 0.0, 0.0, 0.0, 0.0, 0.0, 0.0, 0.0, 0.0, 0.0, 0.0, 0.0, 0.034997, 0.034997, 0.0, 0.0, 0.10499, 0.034997, 0.197918, 0.0, 0.303511, 0.0, 0.172654, -0.10499, 0.394825, -0.282018, 0.768699, -0.512466, 1.509756, -0.493574, 0.480808, -0.084848, 0.202207, 0.0, 0.215198, 0.0, 0.717616, -0.139986, 1.518889, -0.544507, 1.320884, -0.528353, 1.23676, -0.426469, 1.294366, -0.422076, 1.442803, -0.706679, 1.681745, -1.466137, 1.519641, -1.9784, 0.620344, -2.53777, -0.382519, -2.677634, -0.950629, -2.995921, -1.790285, -3.807909, -1.043558, -3.391564, -0.086042, -3.183569, 0.085763, -3.116042, 0.315315, -2.293196, 0.34198, -2.308362, 0.38217, -2.528203, 0.344669, -2.556298, 0.199237, -2.931635, 0.0, -2.907806, 0.0, -2.277645, -0.209979, -1.54287, -0.752574, -1.003432, -0.770136, -0.577602, -0.034997, -0.034997, 0.0, 0.0, 0.0, 0.0, 0.069993, 0.10499, 0.886867, -0.171652, 1.852588, -0.684033, 1.724717, -0.657035, 1.6679, -0.583765, 1.326804, -0.414626, 1.31222, -0.273379, 2.144553, -0.549885, 2.569978, -1.367892, 1.316265, -0.658132, 0.410414, -0.246248, 0.10499, -0.069993, 0.0, 0.0, -0.139986, -0.034997, -0.546833, 0.273416, -0.703764, 0.312784, -0.546445, 0.390318, -0.130072, 0.494274, 0.039018, 0.46822, 0.273797, 0.469366, 0.060917, 0.213208, -0.053953, 0.134882, -0.083715, 0.139525, -0.117114, 0.19519, -0.117201, 0.234401, -0.442278, 0.572359, -0.66756, 0.785365, -0.420246, 0.560328, 0.08182, 0.12273, 0.325928, -0.203705, 0.081443, -0.461513, 0.0, -0.533539, -0.139986, -0.553989, -0.164463, -0.383748, -0.203252, -0.243902, 0.0, 0.0, -0.034997, 0.034997, 0.053331, 0.106662, 0.069993, 0.034997, 0.0, 0.0, 0.0, 0.0, 0.034997, 0.034997, 0.034997, 0.034997, 0.0, 0.080296, 0.0, 0.081502, 99
-0.034997, 0.083215, -0.027375, 0.191622, -0.029916, 0.149582, -0.04342, 0.130261, 0.0, 0.166356, -0.034997, 0.082956, -0.041096, 0.082193, -0.040776, 0.081553, 0.0, 0.0, 0.0, 0.0, 0.0, 0.0, 0.0, 0.0, 0.0, 0.0, 0.0, 0.0, 0.139986, 0.279972, 0.0, 0.0, 0.0, 0.0, 0.0, 0.10499, 0.0, 0.23066, 0.0, 0.169116, 0.0, 0.0, 0.0, 0.0, -0.034997, 0.034997, -0.034997, -0.034997, 0.0, 0.0, 0.0, 0.0, 0.0, 0.0, 0.0, -0.10499, 0.0, -0.079357, -0.069993, -0.081213, -0.078567, -0.078567, -0.135622, -0.108498, -0.320686, -0.160343, -0.324653, -0.135272, -0.069993, -0.034997, -0.034997, 0.0, -0.034997, 0.034997, 0.0, 0.0, 0.034997, 0.069993, 0.0, 0.0, 0.0, 0.0, 0.0, 0.0, 0.0, 0.0, 0.034997, 0.0, 0.0, 0.0, 0.0, 0.0, 0.10499, 0.0, 0.235296, 0.0, 0.130554, 0.0, 0.034997, 0.0, 0.104086, -0.10499, 0.077911, -0.077911, 0.116594, -0.194323, 0.129368, -0.129368, 0.077345, -0.077345, 0.102889, -0.077167, 0.10499, -0.069993, 0.076793, -0.076793, 0.0, -0.069993, 0.034997, -0.069993, 0.0, -0.034997, 0.0, -0.034997, 0.0, 0.0, 0.0, 0.0, 0.0, 0.0, 0.0, 0.0, 0.0, 0.0, 0.0, 0.174983, -0.139986, 0.337714, -0.112393, 0.224787, -0.149641, 0.199521, -0.074727, 0.112091, -0.037331, 0.111994, -0.024858, 0.198867, 0.0, 0.223519, -0.034997, 0.26041, -0.024768, 0.148607, 0.0, 0.0, 0.0, 0.0, -0.034997, 0.069993, 0.0, 0.073863, -0.034997, 0.034997, -0.034997, 0.034997, 0.0, 0.0, -0.034997, 0.034997, -0.024432, 0.073297, -0.0366, 0.109799, -0.036544, 0.18272, -0.072985, 0.145969, -0.034997, 0.069993, -0.034997, 0.034997, 0.0, 0.072679, 0.0, 0.096838, 0.0, 0.145167, 0.0, 0.145074, 0.0, 0.108741, 0.0, 0.034997, 0.0, 0.0, 0.0, 0.0, 0.0, 0.0, 99
0.0, 0.0, 0.0, 0.0, 0.0, 0.0, 0.0, 0.0, 0.034997, 0.034997, 0.034997, -0.034997, 0.0, 0.0, 0.034997, -0.034997, 0.0, 0.0, 0.0, 0.0, 0.0, 0.0, 0.0, 0.0, 0.0, 0.0, 0.0, 0.0, 0.0, -0.034997, 0.0, -0.034997, 0.0, -0.034997, 0.0, -0.069993, 0.0, -0.079838, 0.0, -0.111967, 0.0, -0.111924, 0.0, -0.073497, 0.0, -0.111655, 0.0, -0.073565, 0.0, -0.072591, 0.0, -0.034997, 0.0, -0.034997, 0.0, -0.034997, 0.034997, -0.069993, 0.0, -0.034997, 0.0, 0.0, 0.0, 0.0, 0.0, 0.0, 0.0, 0.0, 0.0, 0.0, 0.0, 0.0, 0.0, 0.0, 0.0, 0.0, 0.0, 0.0, 0.0, 0.0, 0.0, 0.0, 0.0, 0.0, 0.0, 0.0, 0.0, 0.0, 0.0, 0.0, 0.0, 0.0, 0.0, 0.0, 0.0, 0.0, 0.0, -0.069993, 0.0, -0.080826, 0.0, -0.081386, 0.0, 0.0, 0.0, 0.0, 0.0, 0.0, 0.0, -0.139986, 0.0, -0.034997, 0.0, 0.0, 0.0, -0.034997, 0.0, 0.0, 0.0, 0.0, 0.0, 0.0, 0.0, 0.0, 0.0, 0.0, 0.0, 0.0, 0.0, 0.209979, 0.0, 0.299114, 0.0, 0.303271, 0.0, 0.158385, 0.0, 0.0, 0.0, 0.0, 0.0, 0.034997, -0.034997, 0.087375, -0.034997, 0.034997, 0.0, 0.0, 0.0, 0.0, 0.0, 0.0, 0.0, 0.0, -0.034997, -0.279972, -0.058341, -0.262533, 0.0, -0.115853, 0.0, -0.034997, 0.069993, -0.137361, 1.034663, -0.041387, 2.196651, 0.111223, 3.106325, 0.653963, 2.397132, 0.435842, 1.294714, 0.056292, 1.525799, 0.0, 2.067738, 0.0, 1.945563, 0.314968, 1.262258, 0.378677, 0.58762, 0.307801, 0.651494, 0.368236, 0.456451, 0.207478, 0.069993, 0.034997, 0.0, 0.0, -0.244976, -0.209979, -0.689666, -0.137933, -0.778359, -0.081933, -0.622907, 0.0, 99
-0.324219, 0.209979, -0.027193, 0.271926, 0.05401, 0.324061, 0.164717, 0.205897, 0.194243, 0.083247, 0.48477, 0.121193, 0.601079, 0.313606, 0.808147, 0.692698, 0.599628, 0.599628, 0.569403, 0.596518, 0.705702, 0.498142, 0.672795, 0.274102, 0.527801, 0.1218, 0.110517, 0.0, 0.0, 0.0, 0.10499, -0.10499, 0.110426, -0.027606, 0.083037, 0.0, 0.034997, 0.0, 0.0, 0.0, 0.034997, 0.034997, 0.204657, 0.204657, 0.486893, 0.297546, 0.194585, 0.032431, 0.087763, 0.0, 0.034997, -0.034997, 0.362637, -0.120879, 0.945128, -0.045006, 0.623828, -0.148531, 0.29758, -0.089274, 0.127189, -0.042396, 0.338262, -0.061502, 0.989502, 0.0, 0.757232, -0.10499, 0.14807, -0.236912, -1.318035, -0.629062, 0.0, 0.0, 0.0, 0.0, 0.0, 0.0, 0.0, 0.0, 0.0, 0.0, 0.0, 0.0, 0.0, 0.0, 0.0, 0.0, 0.0, 0.0, -0.10499, 0.10499, 0.596069, 0.255458, 2.196351, 0.333623, 3.493555, 0.028174, 3.976392, 0.0, 4.002352, 0.0, 4.031496, 0.0, 3.592114, 0.0, 2.485109, -0.314968, 0.990709, -0.198142, -0.041159, -0.123476, -1.346883, -0.538753, -1.309476, -0.286448, 0.0, 0.0, 0.0, 0.0, 0.0, 0.0, 0.0, 0.0, 0.0, 0.0, 0.0, 0.0, 0.0, 0.0, 0.0, 0.0, -0.174983, 0.349965, 0.567124, -0.121527, 1.867264, 0.192218, 1.288738, 0.19194, 0.918891, 0.039952, 1.345821, 0.184721, 1.271598, 0.246116, 0.459109, 0.12753, 0.0, 0.034997, -0.594941, 0.104728, -0.535697, 0.0, -0.382623, 0.0, -0.659985, -0.279972, -2.236735, -0.82842, -3.311422, -0.952034, -3.818236, -0.704072, -4.051695, -0.702845, -3.649683, -0.214687, -2.950251, -0.040414, -2.419571, 0.244676, -1.456379, 0.24731, -0.722824, 0.297634, -0.385579, 0.17796, -0.124772, -0.041591, 0.0, 0.0, 0.0, 0.0, 0.0, 0.0, 0.0, 0.0, 0.0, 0.0, 0.0, 0.0, 0.0, 0.0, 0.0, 0.0, 0.0, 0.0, 0.034997, 0.069993, 99
-0.153548, -0.038387, -0.706512, -0.052334, -0.762145, -0.040113, -1.011511, 0.0, -1.976052, -0.209979, -1.660729, -0.040506, -1.445404, -0.154865, -1.100257, -0.253906, -0.324877, -0.162439, 0.0, -0.034997, 0.139986, -0.040513, 0.18837, 0.10764, 0.206814, 0.124088, 0.069993, 0.069993, 0.0, 0.069993, 0.0, 0.0, 0.0, 0.0, 0.0, 0.034997, -0.034997, 0.034997, -0.07903, 0.0, 0.0, 0.0, 0.0, 0.0, -0.034997, 0.0, -0.121923, 0.069993, -0.489321, 0.217476, -0.912871, 0.395577, -0.739173, 0.328521, -0.174983, 0.10499, 0.034997, 0.0, 0.231575, -0.069993, 0.0, -0.034997, 0.0, 0.0, 0.034997, -0.034997, 0.429255, -0.099059, 0.034997, -0.034997, 0.069993, 0.0, 0.0, 0.069993, -0.069993, 0.0, -0.034997, 0.034997, 0.0, 0.0, 0.0, 0.0, 0.0, 0.0, 0.0, 0.0, 0.0, 0.0, 0.0, 0.0, 0.0, 0.069993, 0.0, 0.034997, 0.069993, -0.069993, 0.12349, -0.164653, 0.034997, -0.10499, 0.069993, -0.10499, 0.069993, -0.069993, 0.607076, -0.214262, 0.139986, -0.139986, 2.847112, -0.029657, 5.867261, 0.0, 5.846753, 0.944906, 6.275463, 0.594831, 3.981071, 0.506068, 0.747064, -0.441447, 0.0, 0.0, 0.0, 0.0, -1.29487, -0.279972, 0.1646, 0.493801, 0.0, 0.244976, -0.10499, 0.145345, -0.20327, 0.087116, -0.304397, 0.0, -0.636445, 0.069993, -1.010118, 0.173163, -0.921686, 0.230421, -0.776003, 0.114963, -0.688046, 0.0, -0.486018, -0.10499, -0.484764, -0.142578, -0.29867, -0.042667, -0.340475, -0.028373, -0.566033, 0.0, -0.76218, 0.069993, -0.844759, 0.028159, -0.280839, 0.0, 0.0, 0.0, 0.0, 0.0, 0.0, 0.0, 0.0, 0.0, 0.0, 0.0, 0.0, 0.0, -0.034997, 0.034997, -0.034997, 0.0, -0.034997, 0.034997, -0.082104, 0.041052, -0.081893, 0.040947, -0.136155, 0.081693, 0.0, 0.0, -0.139986, 0.034997, -0.216014, 0.054003, -0.069993, 0.0, -0.08057, 0.034997, 0.0, 0.0, 0.0, 0.0, 99
0.0, 0.0, 0.0, 0.0, 0.0, 0.0, 0.0, 0.0, 0.0, 0.0, 0.0, 0.0, 0.0, 0.0, 0.0, 0.0, 0.0, 0.0, 0.0, 0.0, 0.0, 0.0, 0.0, 0.0, 0.0, 0.0, 0.0, 0.0, 0.0, 0.0, 0.0, 0.0, 0.0, 0.0, 0.0, 0.0, 0.559944, 0.10499, 0.948499, 0.082478, 1.54326, 0.145591, 1.720389, 0.0, 2.184655, 0.034997, 3.221704, 0.0, 3.136267, -0.384962, 2.286868, -0.682048, 2.1492, -0.7164, 1.708197, -0.504695, 2.506856, -0.345773, 2.576502, -0.02741, 2.011206, 0.241345, 1.85315, 0.463287, 1.415284, 0.514649, 0.617466, 0.23155, 0.077262, -0.12877, 0.0, 0.0, 0.0, 0.0, 0.0, 0.0, 0.0, 0.0, 0.0, 0.0, 0.0, 0.0, 0.0, 0.0, -0.034997, 0.034997, 0.573966, 0.109327, 3.240023, 0.217817, 3.951895, 0.279427, 3.897044, 0.0, 4.907045, 0.0, 4.384695, 0.0, 3.966887, -0.454955, 3.382895, -0.387354, 3.124444, -0.342405, 2.064367, -0.05505, 1.097015, 0.026119, 0.544634, 0.08379, 0.349864, 0.080738, 0.408692, 0.204346, 0.759906, 0.352813, 0.878704, 0.137297, 0.730983, 0.0, 0.36928, -0.10499, 0.0, 0.0, 0.0, 0.0, 0.0, 0.0, 0.0, 0.0, 0.0, 0.0, 0.0, 0.0, -0.034997, 0.0, 0.040121, -0.069993, 0.543362, -0.155246, 1.746205, -0.582068, 2.641285, -0.504952, 1.779356, -0.985489, 0.581138, -1.383661, 0.123735, -1.526068, -0.108213, -1.433821, 0.040724, -1.180992, 0.133923, -0.883891, 0.120532, -0.843721, 0.268798, -1.26335, 0.597342, -1.439052, 0.363966, -1.13234, -0.054151, -0.758111, -0.283062, -0.444812, -0.162829, -0.244243, -0.081638, -0.163276, -0.079843, -0.186301, 0.0, -0.034997, 0.0, 0.0, 0.0, 0.0, 0.0, 0.0, 0.0, 0.0, 0.0, 0.0, 0.0, 0.0, 0.0, 0.279972, 0.0, 0.090089, 0.0, 0.0, 0.034997, 0.034997, 0.496428, 0.225649, 1.23766, 0.482989, 99
2.195509, 0.701343, 2.796569, 0.706502, 3.218493, 0.721905, 3.828344, 0.683633, 4.66885, 0.762884, 5.027996, 0.797121, 3.740869, 0.555285, 1.841367, 0.24371, 0.281716, -0.040245, 0.0, 0.0, 0.0, 0.0, 0.0, 0.0, 0.0, 0.0, 0.944906, 0.69993, 5.204035, 0.71111, 5.899587, 0.393306, 2.640679, 0.586817, 1.85145, 1.42919, 3.0306, 1.955226, 4.042015, 1.611344, 2.311793, 1.05682, 1.452759, 0.462242, 1.436793, 0.200483, 3.061611, 0.299505, 3.20648, 0.529766, 3.060225, 0.29937, 2.955343, 0.431679, 1.256153, 0.132227, -0.578003, -1.266103, -0.823024, -1.514364, 0.0, 0.0, 0.0, 0.0, 0.0, 0.0, -0.209979, -0.244976, 0.594136, -1.452333, 1.412668, -2.03687, 0.10499, -0.349965, 0.279972, 0.244976, 1.700534, 0.915672, 1.964513, 0.33203, 0.424678, -0.424678, -0.098385, -0.426334, 0.0, 0.0, 0.0, 0.0, -0.10499, 0.034997, 0.260117, 0.812866, 0.653038, 0.555082, 0.174983, 0.069993, -0.10499, -0.034997, -0.139986, 0.0, -0.847813, 0.559944, -0.358303, 0.488594, 0.069993, 0.314968, 0.0, 0.0, 0.0, 0.0, 0.0, 0.0, 0.0, 0.0, 0.0, 0.0, -0.139986, 0.279972, -0.069993, 0.174983, 0.0, 0.0, 0.034997, -0.034997, 0.2371, -0.029637, 0.35803, -0.179015, 0.069993, -0.034997, 0.034997, 0.0, 0.10499, -0.069993, 5.709951, -0.798801, 9.225286, -0.1337, 3.728572, 0.0, 0.0, 0.0, -0.314968, 0.279972, -0.496749, 0.562982, -0.231043, 0.561105, 0.462191, 0.462191, 0.034997, 0.0, 0.0, 0.0, 0.0, -0.174983, -0.034997, 0.0, -0.174983, -0.10499, -1.078455, -0.2097, -0.968515, -0.129135, -0.773609, 0.0, -0.707513, 0.0, -0.417068, -0.139986, -0.063981, -0.063981, 0.095711, -0.095711, -0.047713, -0.143138, -0.034997, 0.0, 0.0, 0.0, 0.139986, 0.034997, 0.0, 0.0, 0.034997, 0.0, 0.0, 0.0, 0.0, 0.0, 0.0, 0.0, 0.034997, 0.0, 0.0, 0.0, 0.0, 0.0, 0.10499, 0.034997, 99
0.0, 0.0, 0.139986, 0.10499, 0.33505, 0.182755, 0.577281, 0.212683, 0.969834, 0.212151, 1.239345, 0.211595, 1.32669, 0.120608, 1.984759, 0.225541, 1.169754, 0.044991, 0.0, 0.0, 0.0, 0.0, 0.0, 0.0, 0.0, 0.0, 0.0, 0.0, 0.0, 0.0, 0.0, 0.0, 0.0, 0.0, 0.0, 0.0, 0.034997, 0.034997, 1.921307, -0.203775, 2.409813, -0.406475, 2.084695, -0.825192, 2.165834, -1.039601, 0.95063, -0.86421, 0.229865, -0.63213, 0.085972, -0.386875, 0.028581, -0.285811, -0.028507, -0.142537, -0.341209, -0.042651, -0.482116, 0.0, -0.650647, 0.0, -0.846487, -0.034997, -0.534716, -0.056286, -0.252628, 0.0, 0.0, 0.0, 0.0, 0.0, 0.0, -0.034997, -0.069993, -0.124989, -0.027705, -0.249346, 0.055297, -0.442374, 0.082711, -0.330842, 0.082507, -0.192517, 0.0, -0.123442, 0.069993, -0.136809, 0.109172, -0.191051, 0.0, -0.245022, 0.034997, -0.271548, 0.0, 0.0, 0.0, 0.0, 0.0, 0.0, 0.0, 0.0, 0.0, 0.0, 0.0, 0.0, 0.0, 0.0, 0.0, 0.174983, 0.0, 0.159213, 0.0, 0.132341, 0.0, 0.079183, 0.0, 0.0, 0.0, 0.034997, 0.0, 0.157145, 0.209979, 0.274244, 0.390717, 0.208382, 0.740408, 0.311751, 1.036662, 0.466498, 1.512546, 0.426615, 2.682868, 0.619123, 3.475269, 0.65644, 3.750092, 0.565082, 3.536388, 0.499707, 3.067435, 0.306744, 2.117519, 0.280635, 0.305696, 0.114636, -1.29777, -0.025446, -2.592827, -0.381298, -3.124093, -0.380987, -3.159874, -0.076142, -3.119268, 0.0, -2.712412, 0.034997, -1.9008, 0.114048, -1.3305, 0.228086, -0.81792, 0.184692, -0.793878, 0.238164, -1.184365, 0.323009, -1.247515, 0.402424, -0.643691, 0.348666, -0.110181, 0.110181, 0.0, 0.0, 0.0, 0.10499, 0.139986, 0.163214, 0.494216, 0.219652, 0.329497, 0.164749, 0.034997, 0.034997, -0.10499, 0.034997, -0.478415, 0.0, -0.696458, 0.0, -0.876657, -0.139986, -0.647769, -0.114312, -0.406463, -0.050808, -0.240081, -0.080027, 99
-0.082427, -0.027476, -0.081541, -0.054361, -0.069993, 0.0, -0.188251, -0.069993, -0.034997, 0.0, 0.0, 0.0, 0.0, 0.0, 0.0, 0.0, 0.0, 0.0, 0.0, 0.0, 0.0, 0.0, 0.0, 0.0, 0.0, 0.0, 0.0, 0.0, 0.0, 0.0, 0.069993, 0.0, 0.084282, 0.0, 0.361062, 0.0, 0.625741, 0.10499, 0.553198, 0.11064, 0.684811, 0.085601, 1.610894, 0.369163, 3.915742, 0.652624, 4.070096, 0.567144, 1.707666, -0.119836, 0.030218, -0.271966, -0.434288, -0.180953, -1.331452, -0.090781, -1.114575, 0.0, -3.304305, -0.80492, -3.489014, -0.489686, -0.476381, -0.256513, 4.294004, 0.206112, 8.066844, 0.028505, 9.219954, -1.428923, 7.62716, -1.36098, 0.881371, 0.135596, 0.0, 0.0, 0.0, 0.0, 0.0, 0.0, 0.0, 0.0, 3.079692, 0.174983, 8.733214, -0.464886, 9.726015, -2.004348, 6.1679, -0.385494, 1.456246, 0.744303, -0.174983, 0.034997, 0.0, 0.0, 0.0, 0.0, 0.0, 0.0, 3.534647, 1.469853, 10.438976, 1.698731, 9.929091, 0.097663, 2.574076, -0.456165, -0.664934, -0.384962, 0.0, 0.0, 0.0, 0.0, -1.119888, 0.139986, -0.065987, 0.329933, -0.492514, 0.426846, -1.57385, 0.360674, -0.952832, 0.065713, -1.270291, -0.16569, -3.06159, 0.296283, -3.777364, 0.198809, -2.002625, 0.16415, 0.0, 0.034997, 0.0, 0.0, 0.0, 0.0, -0.874913, -0.10499, -0.823048, 0.131688, -0.09883, 0.329435, -0.098416, 0.36086, 0.724732, 0.395309, 1.422804, 0.109446, 0.164133, 0.0, 0.329902, 0.0, 0.0, 0.0, 0.734927, 0.0, 1.471057, -0.10499, 0.996598, -0.276833, 0.522366, -0.195887, -0.358521, -0.260743, -0.489842, -0.326561, -0.244976, -0.174983, 0.656987, 0.0, 0.328952, -0.10499, -0.230275, -0.098689, -0.034997, 0.0, -0.139986, 0.034997, -0.294774, 0.294774, -0.304795, 0.554173, -0.034997, 0.069993, 0.0, 0.0, 0.0, 0.0, 0.0, 0.0, 0.0, 0.0, 0.0, -0.069993, 0.0, -0.094731, -0.174983, -0.15746, 99
-0.047104, -0.235518, -0.031331, -0.21932, -0.124894, -0.405905, -0.124562, -0.404826, -0.155247, -0.55889, -0.061927, -0.526379, 0.0, -0.432294, 0.0, -0.400267, 0.0, -0.276358, 0.0, 0.0, 0.0, 0.0, 0.0, 0.0, 0.0, 0.0, 0.0, 0.0, -0.034997, 0.174983, 0.0, 0.361428, 0.069993, 0.210211, 0.0, 0.134725, 0.0, 0.034997, 0.0, 0.0, 0.0, 0.0, 0.034997, 0.034997, 0.0, 0.0, 0.0, 0.0, 0.0, 0.0, 0.0, 0.0, 0.0, 0.0, 0.0, 0.0, 0.034997, -0.034997, 0.144713, -0.057885, 0.649457, -0.129891, 1.26669, -0.028788, 2.698981, 0.287126, 4.768268, 0.558446, 5.112583, 0.771172, 5.498105, 0.341851, 4.432007, -0.085231, 3.711949, -0.56671, 2.684622, -0.254333, 0.394602, -0.310045, -0.034997, 0.0, 0.0, 0.0, 0.0, 0.0, 0.0, 0.0, 0.0, 0.0, 0.0, 0.0, 0.0, 0.0, 0.0, 0.0, 0.489951, 0.279972, 3.102625, 0.082371, 6.162222, 0.698385, 5.983054, 0.464438, 4.496682, 0.027253, 3.50737, 0.0, 2.576652, 0.0, 0.608725, -0.139986, -0.04054, -0.12162, 0.0, 0.0, 0.0, 0.0, 0.0, 0.0, 0.0, 0.0, 0.0, 0.0, 0.0, 0.0, 0.0, 0.0, 0.0, 0.209979, 0.279972, -0.079126, 0.657815, -0.263126, 0.118105, -0.354314, -0.209466, -0.733131, -0.626824, -1.018588, -0.521079, -1.016103, -0.428857, -1.013662, -0.54449, -1.037125, -0.698288, -0.931051, -0.490206, -0.722409, -0.424772, -0.579234, -0.308168, -0.346689, -0.076855, -0.051237, -0.076666, 0.038333, -0.20399, 0.178491, -0.114445, 0.114445, -0.034997, 0.034997, 0.0, 0.0, 0.0, 0.0, 0.0, 0.0, 0.0, 0.0, 0.0, 0.0, 0.0, 0.0, 0.0, 0.0, -0.034997, 0.174983, 0.024825, 0.248248, 0.334797, 0.297597, 0.272141, 0.247401, 0.148395, 0.29679, 0.037016, 0.111049, 0.034997, 0.034997, 0.0, 0.073866, 0.10499, 0.117326, 0.221174, 0.258037, 0.481814, 0.56684, 99
